Timestamp,Detections,Risk Score,Decision,Item Count
2026-03-26 18:13:23,Baton,67,HIGH    — FLAG FOR INSPECTION,1
2026-03-26 18:13:44,Baton,67,HIGH    — FLAG FOR INSPECTION,1
2026-03-26 18:14:25,Baton,70,HIGH    — FLAG FOR INSPECTION,1
2026-03-26 18:19:31,Baton,70,HIGH    — FLAG FOR INSPECTION,1
2026-03-26 18:19:49,Baton,63,HIGH    — FLAG FOR INSPECTION,1
2026-03-26 18:20:31,Bullet,86,CRITICAL — DETAIN CARGO IMMEDIATELY,1
2026-03-26 18:21:16,None,0,LOW     — CLEARED (Log Only),0
2026-03-26 18:21:44,Baton,65,HIGH    — FLAG FOR INSPECTION,1
2026-03-26 20:33:49,"Sprayer, Lighter, Sprayer",27,LOW     — CLEARED (Log Only),3
2026-03-26 20:42:28,"Sprayer, Lighter, Sprayer",27,LOW     — CLEARED (Log Only),3
2026-03-26 20:42:37,"Sprayer, Lighter",27,LOW     — CLEARED (Log Only),2
2026-03-26 20:45:15,Lighter,1,LOW     — CLEARED (Log Only),1
2026-03-26 20:47:50,None,0,LOW     — CLEARED (Log Only),0
2026-03-26 21:21:16,Lighter,1,LOW     — CLEARED (Log Only),1
2026-03-26 21:37:38,"Gun, Gun, Gun, Gun, Hammer, Scissors, Scissors",70,HIGH    — FLAG FOR INSPECTION,7
2026-03-27 11:06:19,Baton,72,HIGH    — FLAG FOR INSPECTION,1
2026-03-27 11:06:45,Baton,72,HIGH    — FLAG FOR INSPECTION,1
2026-03-27 11:06:51,Baton,71,HIGH    — FLAG FOR INSPECTION,1
2026-03-27 11:23:32,Gun,80,CRITICAL — DETAIN CARGO IMMEDIATELY,1
2026-03-27 16:57:06,Baton,72,HIGH    — FLAG FOR INSPECTION,1
2026-03-27 16:57:47,None,0,LOW     — CLEARED (Log Only),0
2026-03-27 16:58:45,Baton,65,HIGH    — FLAG FOR INSPECTION,1
2026-04-04 13:41:54,Wrench,15,LOW     — CLEARED (Log Only),1
2026-04-04 13:43:47,None,65,HIGH    — FLAG FOR INSPECTION,0
2026-04-04 13:46:17,None,65,HIGH    — FLAG FOR INSPECTION,0
2026-04-04 13:47:16,None,65,HIGH    — FLAG FOR INSPECTION,0
2026-04-04 13:47:44,None,65,HIGH    — FLAG FOR INSPECTION,0
2026-04-04 13:59:49,None,65,HIGH    — FLAG FOR INSPECTION,0
2026-04-04 13:59:58,Wrench,15,LOW     — CLEARED (Log Only),1
2026-04-04 14:00:16,None,65,HIGH    — FLAG FOR INSPECTION,0
2026-04-04 14:06:07,None,65,HIGH    — FLAG FOR INSPECTION,0
2026-04-04 14:10:17,None,65,HIGH    — FLAG FOR INSPECTION,0
2026-04-04 14:13:08,None,65,HIGH    — FLAG FOR INSPECTION,0
2026-04-04 14:39:06,None,65,HIGH    — FLAG FOR INSPECTION,0
2026-04-04 14:59:20,Knife,73,HIGH    — FLAG FOR INSPECTION,1
2026-04-04 16:05:59,"Knife, Scissors, Powerbank",62,HIGH    — FLAG FOR INSPECTION,3
2026-04-04 16:08:22,Scissors,30,LOW     — CLEARED (Log Only),1
2026-04-04 16:08:35,Scissors,30,LOW     — CLEARED (Log Only),1
2026-04-04 16:08:43,"Gun, Bullet",93,CRITICAL — DETAIN CARGO IMMEDIATELY,2
2026-04-04 16:27:59,"Gun, Bullet",93,CRITICAL — DETAIN CARGO IMMEDIATELY,2
2026-04-04 16:44:58,"Gun, Bullet",93,CRITICAL — DETAIN CARGO IMMEDIATELY,2
2026-04-04 16:47:02,Scissors,30,LOW     — CLEARED (Log Only),1
2026-04-04 17:07:00,Scissors,30,LOW     — CLEARED (Log Only),1
2026-04-04 18:32:41,"Gun, Bullet",93,CRITICAL — DETAIN CARGO IMMEDIATELY,2
2026-04-04 19:28:40,"Gun, Bullet",93,CRITICAL — DETAIN CARGO IMMEDIATELY,2
2026-04-04 22:02:03,"Gun, Bullet",93,CRITICAL — DETAIN CARGO IMMEDIATELY,2
2026-04-04 22:17:20,"Gun, Bullet",93,CRITICAL — DETAIN CARGO IMMEDIATELY,2
2026-04-05 09:46:32,Knife,72,HIGH    — FLAG FOR INSPECTION,1
2026-04-05 10:12:06,Knife,72,HIGH    — FLAG FOR INSPECTION,1
2026-04-04 13:28:48,HandCuffs,43,MEDIUM  — MANUAL CHECK REQUIRED,1
2026-04-04 13:29:20,"Knife, Scissors, Scissors, Powerbank",64,HIGH    — FLAG FOR INSPECTION,4
2026-04-04 13:51:30,"Knife, Scissors, Scissors, Powerbank",64,HIGH    — FLAG FOR INSPECTION,4
2026-04-04 19:32:01,"Powerbank, Sprayer, Hammer",2,LOW     — CLEARED (Log Only),3
2026-04-04 19:32:14,None,0,LOW     — CLEARED (Log Only),0
2026-04-04 19:32:18,Powerbank,2,LOW     — CLEARED (Log Only),1
2026-04-04 19:32:29,Pliers,14,LOW     — CLEARED (Log Only),1
2026-04-04 19:33:22,"Baton, HandCuffs, HandCuffs, Powerbank",55,MEDIUM  — MANUAL CHECK REQUIRED,4
2026-04-04 19:35:40,"Wrench, Pliers",17,LOW     — CLEARED (Log Only),2
2026-04-04 19:41:24,"Knife, Knife, Scissors, Scissors, Powerbank, Lighter",64,HIGH    — FLAG FOR INSPECTION,6
2026-04-04 19:41:39,"Knife, Knife, Scissors, Scissors, Powerbank",64,HIGH    — FLAG FOR INSPECTION,5
2026-04-05 01:29:49,"Pliers, HandCuffs",21,LOW     — CLEARED (Log Only),2
2026-04-05 01:30:39,Lighter,6,LOW     — CLEARED (Log Only),1
2026-04-05 09:58:04,"Gun, Gun, HandCuffs",80,CRITICAL — DETAIN CARGO IMMEDIATELY,3
2026-04-05 09:58:26,None,0,LOW     — CLEARED (Log Only),0
2026-04-05 09:58:31,None,0,LOW     — CLEARED (Log Only),0
2026-04-05 09:58:36,None,0,LOW     — CLEARED (Log Only),0
2026-04-05 09:58:52,Knife,76,HIGH    — FLAG FOR INSPECTION,1
2026-04-05 09:59:14,"Gun, Gun, Bullet",81,CRITICAL — DETAIN CARGO IMMEDIATELY,3
2026-04-05 09:59:47,"Knife, Bullet, Powerbank, Lighter",80,HIGH    — FLAG FOR INSPECTION,4
2026-04-05 09:59:59,"Knife, Powerbank",80,HIGH    — FLAG FOR INSPECTION,2
2026-04-05 10:00:08,"Knife, Powerbank",80,HIGH    — FLAG FOR INSPECTION,2
2026-04-05 10:00:12,"Knife, Bullet, Powerbank, Lighter",80,HIGH    — FLAG FOR INSPECTION,4
2026-04-05 10:00:17,"Knife, Bullet, Powerbank, Lighter",80,HIGH    — FLAG FOR INSPECTION,4
2026-04-05 10:00:20,"Knife, Bullet, Powerbank, Lighter",80,HIGH    — FLAG FOR INSPECTION,4
2026-04-05 10:00:24,"Knife, Bullet, Powerbank, Lighter",80,HIGH    — FLAG FOR INSPECTION,4
2026-04-05 10:50:10,None,0,LOW     — CLEARED (Log Only),0
2026-04-05 10:50:27,"Gun, Scissors",80,CRITICAL — DETAIN CARGO IMMEDIATELY,2
2026-04-05 10:50:50,Knife,60,HIGH    — FLAG FOR INSPECTION,1
2026-04-05 11:11:26,"Scissors, Scissors, Powerbank",41,MEDIUM  — MANUAL CHECK REQUIRED,3
2026-04-05 11:11:48,"Scissors, Powerbank",41,MEDIUM  — MANUAL CHECK REQUIRED,2
2026-04-05 11:12:01,"Scissors, Powerbank",41,MEDIUM  — MANUAL CHECK REQUIRED,2
2026-04-05 11:12:04,"Scissors, Powerbank",41,MEDIUM  — MANUAL CHECK REQUIRED,2
2026-04-05 11:12:07,"Scissors, Powerbank",41,MEDIUM  — MANUAL CHECK REQUIRED,2
2026-04-05 11:12:19,Lighter,12,LOW     — CLEARED (Log Only),1
2026-04-05 11:12:43,Pliers,23,LOW     — CLEARED (Log Only),1
2026-04-05 11:14:08,Lighter,4,LOW     — CLEARED (Log Only),1
2026-04-05 11:14:25,"Knife, Knife, Scissors, Powerbank",78,HIGH    — FLAG FOR INSPECTION,4
2026-04-05 11:14:47,"Knife, Scissors",77,HIGH    — FLAG FOR INSPECTION,2
2026-04-05 11:16:06,Knife,60,HIGH    — FLAG FOR INSPECTION,1
2026-04-05 11:16:18,"Gun, Bullet, Bullet, Bullet, Bullet, HandCuffs, Pliers, Lighter",80,CRITICAL — DETAIN CARGO IMMEDIATELY,8
2026-04-05 11:16:30,Lighter,14,LOW     — CLEARED (Log Only),1
2026-04-05 11:16:36,"Gun, Gun, HandCuffs",80,CRITICAL — DETAIN CARGO IMMEDIATELY,3
2026-04-05 11:16:43,Knife,60,HIGH    — FLAG FOR INSPECTION,1
2026-04-05 11:16:50,"Knife, Scissors",60,HIGH    — FLAG FOR INSPECTION,2
2026-04-05 11:17:06,"Bullet, Powerbank",75,HIGH    — FLAG FOR INSPECTION,2
2026-04-05 11:17:23,Lighter,2,LOW     — CLEARED (Log Only),1
2026-04-05 11:17:33,"Bullet, Bullet, Hammer",79,HIGH    — FLAG FOR INSPECTION,3
2026-04-05 11:17:42,"Bullet, Baton, Baton, HandCuffs",82,CRITICAL — DETAIN CARGO IMMEDIATELY,4
2026-04-05 11:18:09,"Scissors, Scissors, Lighter",6,LOW     — CLEARED (Log Only),3
2026-04-05 11:18:50,"Knife, Hammer",60,HIGH    — FLAG FOR INSPECTION,2
2026-04-05 11:19:25,"Knife, Powerbank, Lighter",75,HIGH    — FLAG FOR INSPECTION,3
2026-04-05 11:19:42,"Baton, HandCuffs, Lighter",65,HIGH    — FLAG FOR INSPECTION,3
2026-04-05 11:19:52,Knife,60,HIGH    — FLAG FOR INSPECTION,1
2026-04-05 11:37:17,"Knife, Knife, Hammer, Pliers",60,HIGH    — FLAG FOR INSPECTION,4
2026-04-05 11:50:09,"Knife, Sprayer, Sprayer, Powerbank, Sprayer",66,HIGH    — FLAG FOR INSPECTION,5
2026-04-05 11:52:05,None,0,LOW     — CLEARED (Log Only),0
2026-04-05 11:52:18,"Gun, Bullet",95,CRITICAL — DETAIN CARGO IMMEDIATELY,2
2026-04-05 11:58:26,Scissors,36,MEDIUM  — MANUAL CHECK REQUIRED,1
2026-04-05 12:05:53,Scissors,36,MEDIUM  — MANUAL CHECK REQUIRED,1
2026-04-05 12:06:01,Scissors,36,MEDIUM  — MANUAL CHECK REQUIRED,1
2026-04-05 12:06:11,Wrench,29,LOW     — CLEARED (Log Only),1
2026-04-05 12:06:31,Wrench,29,LOW     — CLEARED (Log Only),1
2026-04-05 12:06:36,Wrench,29,LOW     — CLEARED (Log Only),1
2026-04-05 12:11:36,Wrench,29,LOW     — CLEARED (Log Only),1
2026-04-05 12:11:44,Wrench,29,LOW     — CLEARED (Log Only),1
2026-04-05 12:11:48,Wrench,29,LOW     — CLEARED (Log Only),1
2026-04-05 12:12:10,Wrench,29,LOW     — CLEARED (Log Only),1
2026-04-05 12:12:14,Wrench,29,LOW     — CLEARED (Log Only),1
2026-04-05 12:13:50,Scissors,36,MEDIUM  — MANUAL CHECK REQUIRED,1
2026-04-05 12:13:59,Scissors,36,MEDIUM  — MANUAL CHECK REQUIRED,1
2026-04-05 12:14:06,Scissors,36,MEDIUM  — MANUAL CHECK REQUIRED,1
2026-04-05 12:14:07,Scissors,36,MEDIUM  — MANUAL CHECK REQUIRED,1
2026-04-05 12:14:12,Scissors,36,MEDIUM  — MANUAL CHECK REQUIRED,1
2026-04-05 14:44:19,"Gun, Bullet",93,CRITICAL — DETAIN CARGO IMMEDIATELY,2
2026-04-05 14:45:48,None,0,LOW     — CLEARED (Log Only),0
2026-04-05 14:49:31,None,0,LOW     — CLEARED (Log Only),0
2026-04-05 14:49:36,None,0,LOW     — CLEARED (Log Only),0
2026-04-05 14:49:46,Gun,90,CRITICAL — DETAIN CARGO IMMEDIATELY,1
2026-04-05 15:02:59,Gun,90,CRITICAL — DETAIN CARGO IMMEDIATELY,1
2026-04-05 15:17:51,Gun,90,CRITICAL — DETAIN CARGO IMMEDIATELY,1
2026-04-05 15:19:51,None,0,LOW     — CLEARED (Log Only),0
2026-04-05 15:20:08,None,0,LOW     — CLEARED (Log Only),0
2026-04-05 15:20:47,"Knife, Powerbank",69,HIGH    — FLAG FOR INSPECTION,2
2026-04-05 15:21:02,"Knife, Powerbank",69,HIGH    — FLAG FOR INSPECTION,2
2026-04-05 15:21:14,"Knife, Powerbank",69,HIGH    — FLAG FOR INSPECTION,2
2026-04-05 15:21:21,"Knife, Powerbank",69,HIGH    — FLAG FOR INSPECTION,2
